rank,kernel,instances,total_ms,ms_per_frame,kernel_percent
1,"void renderCUDA<(unsigned int)3>(const uint2 *, const unsigned int *, int, int, const float2 *, const float *, const float *, const float4 *, float *, unsigned int *, const float *, float *, float *)",50,872.619264,17.45238528,38.40620679331101
2,ampere_sgemm_128x64_tn,250,303.602944,6.072058879999999,13.362342468664572
3,"void at::native::vectorized_elementwise_kernel<(int)4, at::native::<unnamed>::launch_clamp_scalar(at::TensorIteratorBase &, c10::Scalar, c10::Scalar, at::native::detail::ClampLimits)::[lambda() (instance 1)]::operator ()() const::[lambda() (instance 7)]::operator ()() const::[lambda(float) (instance 1)], std::array<char *, (unsigned long)2>>(int, T2, T3)",550,301.885344,6.037706879999999,13.286746497420703
4,"void cub::CUB_200500_870_NS::DeviceRadixSortOnesweepKernel<cub::CUB_200500_870_NS::DeviceRadixSortPolicy<unsigned long, unsigned int, unsigned int>::Policy900, (bool)0, unsigned long, unsigned int, unsigned int, int, int, cub::CUB_200500_870_NS::detail::identity_decomposer_t>(T7 *, T7 *, T5 *, const T5 *, T3 *, const T3 *, T4 *, const T4 *, T6, int, int, T8)",300,182.976256,3.65952512,8.053253252728803
5,"duplicateWithKeys(int, const float2 *, const float *, const unsigned int *, unsigned long *, unsigned int *, int *, dim3)",50,94.246944,1.88493888,4.148049178182712
6,"void at::native::<unnamed>::CatArrayBatchedCopy_alignedK_contig<at::native::<unnamed>::OpaqueType<(unsigned int)4>, unsigned int, (int)2, (int)128, (int)1, (int)16>(T1 *, at::native::<unnamed>::CatArrInputTensorMetadata<T1, T2, T4, T5>, at::native::<unnamed>::TensorSizeStride<T2, (unsigned int)4>, int, T2)",200,63.336224,1.26672448,2.787589292151437
7,ampere_sgemm_32x128_tn,150,60.306816,1.20613632,2.6542572939830915
8,"void at::native::vectorized_elementwise_kernel<(int)4, at::native::BinaryFunctor<float, float, float, at::native::binary_internal::MulFunctor<float>>, std::array<char *, (unsigned long)3>>(int, T2, T3)",550,57.694656,1.15389312,2.5392894480094146
9,"void at::native::<unnamed>::grid_sampler_2d_kernel<float, int>(T2, at::cuda::detail::TensorInfo<const T1, T2>, at::cuda::detail::TensorInfo<const T1, T2>, at::cuda::detail::TensorInfo<T1, T2>, at::native::detail::GridSamplerInterpolation, at::native::detail::GridSamplerPadding, bool)",600,55.80784,1.1161568,2.4562458475911138
10,void cutlass::Kernel2<cutlass_80_simt_sgemm_128x32_8x5_tn_align1>(T1::Params),50,38.263648,0.7652729600000001,1.68408106304935
11,"void at::native::elementwise_kernel<(int)128, (int)2, void at::native::gpu_kernel_impl_nocast<at::native::BinaryFunctor<float, float, float, at::native::binary_internal::MulFunctor<float>>>(at::TensorIteratorBase &, const T1 &)::[lambda(int) (instance 1)]>(int, T3)",350,33.303296,0.6660659200000001,1.4657632782615801
12,ampere_sgemm_64x64_tn,50,32.212288,0.64424576,1.417745224352153
13,"void at::native::<unnamed>::CatArrayBatchedCopy_alignedK_contig<at::native::<unnamed>::OpaqueType<(unsigned int)4>, unsigned int, (int)3, (int)128, (int)1, (int)16>(T1 *, at::native::<unnamed>::CatArrInputTensorMetadata<T1, T2, T4, T5>, at::native::<unnamed>::TensorSizeStride<T2, (unsigned int)4>, int, T2)",50,20.477248,0.40954496,0.901256084630644
14,"void at::native::vectorized_elementwise_kernel<(int)4, at::native::CUDAFunctor_add<float>, std::array<char *, (unsigned long)3>>(int, T2, T3)",200,19.153888,0.38307776,0.8430116246252366
15,"void gemv2T_kernel_val<int, int, float, float, float, float, (int)128, (int)16, (int)2, (int)2, (bool)0, (bool)0, cublasGemvParamsEx<int, cublasGemvTensorStridedBatched<const float>, cublasGemvTensorStridedBatched<const float>, cublasGemvTensorStridedBatched<float>, float>>(T13, T6, T6)",50,18.68672,0.3737344,0.8224503654880357
16,"void at::native::vectorized_elementwise_kernel<(int)4, at::native::FillFunctor<float>, std::array<char *, (unsigned long)1>>(int, T2, T3)",450,14.382528,0.28765056,0.6330118613775937
17,"void at::native::index_elementwise_kernel<(int)128, (int)4, void at::native::gpu_index_kernel<void at::native::index_kernel_impl<at::native::OpaqueType<(int)4>>(at::TensorIteratorBase &, c10::ArrayRef<long>, c10::ArrayRef<long>)::[lambda(char *, const char *, long) (instance 1)]>(at::TensorIteratorBase &, c10::ArrayRef<long>, c10::ArrayRef<long>, const T1 &, bool)::[lambda(int) (instance 1)]>(long, T3)",600,13.470592,0.26941184,0.5928752244235591
18,"void at::native::<unnamed>::CatArrayBatchedCopy<at::native::<unnamed>::OpaqueType<(unsigned int)4>, unsigned int, (int)2, (int)64, (int)64>(T1 *, at::native::<unnamed>::CatArrInputTensorMetadata<T1, T2, T4, T5>, at::native::<unnamed>::TensorSizeStride<T2, (unsigned int)4>, int, T2)",50,13.457344,0.26914688000000003,0.5922921460426562
19,"identifyTileRanges(int, unsigned long *, uint2 *)",50,11.879616,0.23759232,0.5228522994435362
20,"void at::native::vectorized_elementwise_kernel<(int)4, at::native::cos_kernel_cuda(at::TensorIteratorBase &)::[lambda() (instance 2)]::operator ()() const::[lambda() (instance 2)]::operator ()() const::[lambda(float) (instance 1)], std::array<char *, (unsigned long)2>>(int, T2, T3)",150,11.087712,0.22175424,0.4879985779647835
21,"void preprocessCUDA<(int)3>(int, int, int, const float *, const glm::vec<(int)3, float, (glm::qualifier)0> *, float, const glm::vec<(int)4, float, (glm::qualifier)0> *, const float *, const float *, bool *, const float *, const float *, const float *, const float *, const glm::vec<(int)3, float, (glm::qualifier)0> *, int, int, float, float, float, float, int *, float2 *, float *, float *, float *, float4 *, dim3, unsigned int *, bool)",50,10.744768,0.21489536,0.4729047349499618
22,"void at::native::vectorized_elementwise_kernel<(int)4, at::native::sin_kernel_cuda(at::TensorIteratorBase &)::[lambda() (instance 2)]::operator ()() const::[lambda() (instance 2)]::operator ()() const::[lambda(float) (instance 1)], std::array<char *, (unsigned long)2>>(int, T2, T3)",150,10.660288,0.21320576,0.46918655397029124
23,"void cub::CUB_200500_870_NS::DeviceRadixSortHistogramKernel<cub::CUB_200500_870_NS::DeviceRadixSortPolicy<unsigned long, unsigned int, unsigned int>::Policy900, (bool)0, unsigned long, unsigned int, cub::CUB_200500_870_NS::detail::identity_decomposer_t>(T4 *, const T3 *, T4, int, int, T5)",50,10.359968,0.20719936,0.4559687022679397
24,"void at::native::vectorized_elementwise_kernel<(int)4, at::native::AUnaryFunctor<float, float, float, at::native::binary_internal::MulFunctor<float>>, std::array<char *, (unsigned long)2>>(int, T2, T3)",150,7.648192,0.15296384,0.3366165012224013
25,"void at::native::elementwise_kernel<(int)128, (int)2, void at::native::gpu_kernel_impl_nocast<at::native::CUDAFunctor_add<float>>(at::TensorIteratorBase &, const T1 &)::[lambda(int) (instance 1)]>(int, T3)",100,5.58576,0.11171519999999999,0.24584359125242153
26,"void at::native::reduce_kernel<(int)512, (int)1, at::native::ReduceOp<float, at::native::NormTwoOps<float, float, float>, unsigned int, float, (int)4, (int)4>>(T3)",50,2.302368,0.04604736,0.10133310731299863
27,"void at::native::elementwise_kernel<(int)128, (int)2, void at::native::gpu_kernel_impl_nocast<at::native::direct_copy_kernel_cuda(at::TensorIteratorBase &)::[lambda() (instance 3)]::operator ()() const::[lambda() (instance 7)]::operator ()() const::[lambda(float) (instance 1)]>(at::TensorIteratorBase &, const T1 &)::[lambda(int) (instance 1)]>(int, T3)",150,0.9208,0.018416,0.040526764276522756
28,"void at::native::vectorized_elementwise_kernel<(int)4, at::native::CUDAFunctorOnSelf_add<float>, std::array<char *, (unsigned long)2>>(int, T2, T3)",100,0.91056,0.0182112,0.04007607567292632
29,"void at::native::vectorized_elementwise_kernel<(int)4, at::native::exp_kernel_cuda(at::TensorIteratorBase &)::[lambda() (instance 2)]::operator ()() const::[lambda() (instance 2)]::operator ()() const::[lambda(float) (instance 1)], std::array<char *, (unsigned long)2>>(int, T2, T3)",50,0.891808,0.01783616,0.03925075216759036
30,"void at::native::elementwise_kernel<(int)128, (int)2, void at::native::gpu_kernel_impl_nocast<at::native::BinaryFunctor<float, float, float, at::native::binary_internal::DivFunctor<float>>>(at::TensorIteratorBase &, const T1 &)::[lambda(int) (instance 1)]>(int, T3)",50,0.879008,0.01758016,0.038687391413094824
31,"void cub::CUB_200500_870_NS::DeviceScanKernel<cub::CUB_200500_870_NS::DeviceScanPolicy<unsigned int, cuda::std::__4::plus<void>>::Policy900, unsigned int *, unsigned int *, cub::CUB_200500_870_NS::ScanTileState<unsigned int, (bool)1>, cuda::std::__4::plus<void>, cub::CUB_200500_870_NS::NullType, int, unsigned int>(T2, T3, T4, int, T5, T6, T7)",50,0.480096,0.00960192,0.021130253499241386
32,"void at::native::vectorized_elementwise_kernel<(int)4, at::native::sigmoid_kernel_cuda(at::TensorIteratorBase &)::[lambda() (instance 2)]::operator ()() const::[lambda() (instance 2)]::operator ()() const::[lambda(float) (instance 1)], std::array<char *, (unsigned long)2>>(int, T2, T3)",50,0.38512,0.007702400000000001,0.016950116700884494
33,"void at::native::vectorized_elementwise_kernel<(int)4, void at::native::compare_scalar_kernel<int>(at::TensorIteratorBase &, at::native::<unnamed>::OpType, T1)::[lambda(int) (instance 1)], std::array<char *, (unsigned long)2>>(int, T2, T3)",50,0.384704,0.00769408,0.01693180747636339
34,"void at::native::vectorized_elementwise_kernel<(int)4, at::native::FillFunctor<int>, std::array<char *, (unsigned long)1>>(int, T2, T3)",50,0.302272,0.00604544,0.013303764217412126
35,"void cub::CUB_200500_870_NS::DeviceRadixSortExclusiveSumKernel<cub::CUB_200500_870_NS::DeviceRadixSortPolicy<unsigned long, unsigned int, unsigned int>::Policy900, unsigned int>(T2 *)",50,0.228672,0.00457344,0.010064439879062784
36,"void at::native::vectorized_elementwise_kernel<(int)4, at::native::reciprocal_kernel_cuda(at::TensorIteratorBase &)::[lambda() (instance 1)]::operator ()() const::[lambda() (instance 2)]::operator ()() const::[lambda(float) (instance 1)], std::array<char *, (unsigned long)2>>(int, T2, T3)",50,0.205376,0.00410752,0.009039123305880905
37,"void at::native::unrolled_elementwise_kernel<at::native::CUDAFunctor_add<float>, std::array<char *, (unsigned long)3>, (int)4, TrivialOffsetCalculator<(int)2, unsigned int>, TrivialOffsetCalculator<(int)1, unsigned int>, at::native::memory::LoadWithoutCast, at::native::memory::StoreWithoutCast>(int, T1, T2, T4, T5, T6, T7)",50,0.181728,0.0036345600000000002,0.007998314311950399
38,"void cub::CUB_200500_870_NS::DeviceScanInitKernel<cub::CUB_200500_870_NS::ScanTileState<unsigned int, (bool)1>>(T1, int)",50,0.156096,0.0031219200000000003,0.006870184401073084
